{"named_SNRs": {"1": 7.709300518035889, "10": 10.324113368988037, "11": 11.950037479400635, "12": 9.27613079547882, "13": 9.104281067848206, "14": 9.829115867614746, "15": 12.247401475906372, "16": 10.168074369430542, "17": 9.364073872566223, "18": 9.380020499229431, "19": 10.92198133468628, "2": 8.57292890548706, "20": 11.416418552398682, "21": 9.894461035728455, "22": 6.996079683303833, "23": 9.237751364707947, "24": 6.557683944702148, "25": 8.967551589012146, "26": 9.370402693748474, "27": 8.009936809539795, "28": 12.026419639587402, "29": 8.955186009407043, "3": 6.276639699935913, "30": 11.056457757949829, "31": 12.272965908050537, "32": 8.923854231834412, "33": 7.640205025672913, "34": 8.722084164619446, "35": 6.57480776309967, "4": 3.9399519562721252, "5": 9.914706349372864, "6": 8.393512964248657, "7": 8.0437833070755, "8": 10.92448353767395, "9": 7.009043097496033, "A": 8.190330862998962, "B": 10.161129236221313, "C": 7.236049771308899, "D": 4.408576190471649, "E": 6.99432373046875, "F": 9.54839825630188, "G": 9.696897268295288, "H": 8.346914649009705}, "mean_SNR": 8.943127130353174, "std_SNR": 1.884891059430556}